search_term,title,description,url,source,published
semiconductor earthquake,If You Missed The Korean AI ETF Boom There Are The 2 Taiwanese Options With Direct Exposure To The Supply Chain,Taiwan manufacturing capacity Taiwan is the world’s most critical semiconductor manufacturing hub. In 2025 its economy grew by 8.68% and it exported around $...,https://247wallst.com/investing/2026/06/12/if-you-missed-the-korean-ai-etf-boom-there-are-the-2-taiwanese-options-with-direct-exposure-to-the-supply-chain/,24/7 Wall St.,2026-06-12T15:11:51Z
semiconductor earthquake,"Nikkei Surges Into 66,000 Range as Kioxia Becomes Japan's Most Valuable Company","Japanese stocks rebounded sharply on June 12th, with the Nikkei Stock Average closing back above the 66,000 level for the first time in a week as easing concerns over tensions in the Middle East and a strong rally in U.S. technology shares fueled broad buying…",https://newsonjapan.com/article/149637.php,Newsonjapan.com,2026-06-12T07:51:55Z
semiconductor earthquake,"Analyzing TSMC's fab expansion roadmap — multi-fab N2 ramp, CoWoS, SoIC, and uncorking bottlenecks","TSMC is executing the largest manufacturing expansion in semiconductor industry history that combines simultaneous multi-fab N2 ramps, AI-driven manufacturing optimizations, and massive CoWoS/SoIC packaging capacity expansion to meet increasing demand for AI …",https://www.tomshardware.com/tech-industry/semiconductors/analyzing-tsmcs-fab-expansion-roadmap-multi-fab-n2-ramp-cowos-soic-and-uncorking-bottlenecks,Tom's Hardware UK,2026-06-10T11:41:11Z
semiconductor earthquake,"The enigma of Pavlos, the grumbling and the candidates, Samaras’ names, Panos Germanos’ confession, from Koukaki squatters to a grand hotel","Silicon Valley is playing with fire & forecasts for SpaceX 
The post The enigma of Pavlos, the grumbling and the candidates, Samaras’ names, Panos Germanos’ confession, from Koukaki squatters to a grand hotel appeared first on ProtoThema English.",https://en.protothema.gr/2026/06/08/the-enigma-of-pavlos-the-grumbling-and-the-candidates-samaras-names-panos-germanos-confession-from-koukaki-squatters-to-a-grand-hotel/,Protothema.gr,2026-06-08T05:08:00Z
semiconductor earthquake,From sea lanes to store shelves,Explore historical supply disruptions and their lessons for brand resilience in today's interconnected global economy.,https://www.thehindubusinessline.com/economy/logistics/from-sea-lanes-to-store-shelves/article71045853.ece,BusinessLine,2026-05-31T19:22:19Z
semiconductor earthquake,"June 2026: Science history from 50, 100 and 150 years ago",Door-building spiders; a new quantum liquid,https://www.scientificamerican.com/article/june-2026-science-history-from-50-100-and-150-years-ago/,Scientific American,2026-05-19T10:00:00Z
semiconductor fire,"The Tim Ferriss Show Transcripts: Sebastian Mallaby, Biographer of Demis Hassabis — Lessons from 100+ AI Insiders on The Race to Superintelligence, The Religion of AI, and Spotting Breakthroughs Early (#870)","Please enjoy this transcript of my interview with Sebastian Mallaby (@scmallaby), the Paul A. Volcker senior fellow for international economics at the Council on Foreign Relations, a two-time Pulitzer Prize finalist, and the author of six books, including Mor…",https://tim.blog/2026/06/18/sebastian-mallaby-transcript/,Tim.blog,2026-06-19T01:24:30Z
semiconductor fire,Midjourney Enters Medical Imaging With 60-Second Full-Body Scan,"Midjourney built its reputation on text-to-image artificial intelligence. On Wednesday (June 17), the company announced in a blog post its first hardware product, the Midjourney Scanner. It’s a full-body ultrasound device that produces a complete body image i…",https://www.pymnts.com/news/artificial-intelligence/2026/midjourney-enters-medical-imaging-with-60-second-full-body-scan/,pymnts.com,2026-06-18T21:43:04Z
semiconductor fire,Knowles Specialty Components Meet Growing Demand for Pulse Power in Complex Applications,"ITASCA, Ill., June 17, 2026 /PRNewswire/ -- Across aerospace and defense applications, industrial systems, and medical devices, modern technologies increasingly depend on precise, reliable, and repeatable power delivered in tightly controlled timeframes. Thes…",https://www.prnewswire.com/news-releases/knowles-specialty-components-meet-growing-demand-for-pulse-power-in-complex-applications-302802861.html,PRNewswire,2026-06-17T12:04:00Z
semiconductor fire,This Unsung Black Developer Unlocked the Code to Turning a Video Game Console Into a Virtual Living Room Arcade,"Jerry Lawson’s Channel F system was the first to put games on interchangeable cartridges, paving the way for Atari, Nintendo, Xbox and PlayStation",https://www.smithsonianmag.com/innovation/unsung-black-developer-unlocked-code-turning-video-game-consolo-into-virtual-living-room-arcade-180988819/,Smithsonian.com,2026-06-16T13:00:00Z
semiconductor fire,"Emerging-market stocks near record high as tech gains boost rally, leaving crypto behind","The tech-driven rally in emerging markets highlights a shift in capital allocation, potentially sidelining crypto as investors chase equity gains.
The post Emerging-market stocks near record high as tech gains boost rally, leaving crypto behind appeared first…",https://cryptobriefing.com/emerging-market-stocks-rally-crypto-divergence/,Crypto Briefing,2026-06-16T09:52:17Z
semiconductor fire,"SpaceX Dragon set to depart the space station with bioprinted tissue and cancer-treatment samples, bound for a California splashdown","The CRS-34 cargo capsule is scheduled to undock Tuesday and splash down off California early Wednesday, returning research samples and used hardware from the International Space Station.
The post SpaceX Dragon set to depart the space station with bioprinted t…",https://spacedaily.com/s-spacex-dragon-set-to-depart-the-space-station-with-bioprinted-tissue-and-cancer-treatment-samples-bound-for-a-california-splashdown/,Space Daily,2026-06-16T08:32:49Z
semiconductor fire,TECNO Unveils SPARK 50 Pro: The Segment's Durable Powerhouse,"HONG KONG, June 15, 2026 /PRNewswire/ -- On June 16 Beijing Time, AI-driven innovative technology brand TECNO unveils SPARK 50 Pro, the segment's durable powerhouse. Designed for users who expect their smartphone to keep up with them for years, TECNO SPARK 50…",https://www.prnewswire.com/news-releases/tecno-unveils-spark-50-pro-the-segments-durable-powerhouse-302800955.html,PRNewswire,2026-06-16T02:00:00Z
semiconductor fire,AMD flirts with $900B valuation after memory tech enhancements,"AMD's valuation surge underscores the critical role of advanced memory tech in driving competitive edge and growth in the AI market.
The post AMD flirts with $900B valuation after memory tech enhancements appeared first on Crypto Briefing.",https://cryptobriefing.com/amd-900b-valuation-memory-tech/,Crypto Briefing,2026-06-15T18:41:52Z
semiconductor fire,"Fire burns Google Cloud India’s network, which remains slow a week later","PLUS: Japan’s space truck is back in business; Zoho's DIY servers; Record tech exports for Korea, and more!",https://www.theregister.com/off-prem/2026/06/14/fire-burns-google-cloud-indias-network-which-remains-slow-a-week-later/5255246,Theregister.com,2026-06-14T21:36:30Z
semiconductor fire,Global capitalism bets it all on AI future that alarms voters,"This week’s record SpaceX IPO captured the euphoria — and made Elon Musk the world’s first trillionaire; yet all the while, much of the global public is looking on aghast",https://www.bloomberg.com/news/articles/2026-06-13/global-capitalism-bets-it-all-on-ai-future-that-alarms-voters,Bloomberg,2026-06-13T12:43:46Z
semiconductor fire,Second fire in less than two weeks disrupts SK Hynix's Cheongju chip campus,"SK Hynix's latest fire at its Cheongju, South Korea, campus has again disrupted operations at a key memory-chip site and prompted evacuations of thousands of workers. The incident adds to a series of recent accidents, raising fresh safety concerns for semicon…",https://www.digitimes.com/news/a20260612PD228/sk-hynix-fire-fab-equipment-hospital.html,Digitimes,2026-06-12T07:38:24Z
semiconductor fire,Texas Instruments Unveils 26-Cell Battery Monitor For Thermal Runaway Detection,"Texas Instruments (TI) has introduced a new battery monitor designed to detect thermal runaway in electric vehicle (EV) and energy storage systems by monitoring up to 26 individual cells, according to the company. The device, designated BQ79731-Q1, uses elect…",https://www.naturalnews.com/2026-06-12-texas-instruments-unveils-monitor-thermal-runaway-detection.html,Naturalnews.com,2026-06-12T06:00:00Z
semiconductor fire,Why is it so hard to get ROI from AI? Because building from first principles isn’t easy,"At Fortune Brainstorm Tech, executives said that finding value from AI starts with strategy and continues with process reinvention.",https://fortune.com/2026/06/11/roi-from-ai-requires-first-principles-thinking-eye-on-ai-execs-say-brainstorm-tech/,Fortune,2026-06-11T23:18:47Z
semiconductor fire,Markets climb even as US and Iran exchange fire,Euronext Dublin finished the day up 0.8% as the banks enjoyed a bounce following the European Central Bank’s interest rate hike,https://www.irishtimes.com/business/2026/06/11/markets-climb-even-as-us-and-iran-exchange-fire/,The Irish Times,2026-06-11T17:03:14Z
semiconductor fire,Hang Seng Tech Index falls over 2% as Asian tech selloff deepens,"The deepening tech selloff signals potential shifts in investment strategies, as rising rates may drive capital towards safer, yield-bearing assets.
The post Hang Seng Tech Index falls over 2% as Asian tech selloff deepens appeared first on Crypto Briefing.",https://cryptobriefing.com/hang-seng-tech-index-falls-2-percent/,Crypto Briefing,2026-06-11T02:29:53Z
semiconductor fire,Taiwan deploys American-made Altius-600 drones against maritime targets during drills,"Taiwan's strategic shift to mobile, expendable defense systems highlights rising regional tensions and potential global economic impacts.
The post Taiwan deploys American-made Altius-600 drones against maritime targets during drills appeared first on Crypto B…",https://cryptobriefing.com/taiwan-altius-600-drone-maritime-drills/,Crypto Briefing,2026-06-10T22:19:18Z
semiconductor fire,The Dragon and the Mirror Lake: Why America and China Must Compete Without Becoming Enemies,"Modern geopolitics increasingly operates through perception rather than direct confrontation. During the Cold War, rival powers were separated by clearer ideological and economic boundaries.  Today, however, the US and China remain deeply interconnected throu…",https://www.fairobserver.com/world-news/china-news/the-dragon-and-the-mirror-lake-why-america-and-china-must-compete-without-becoming-enemies/,Fair Observer,2026-06-10T14:01:21Z
semiconductor fire,Meet Jayshree Ullal: Top-ranked Indian-origin woman on America’s richest self-made list with $6.8 billion net worth,"Jayshree Ullal, ranked No. 7 on Forbes' America's Richest Self-Made Women list with a $6.8 billion net worth, has become a pivotal figure in internet-networking infrastructure. Her strategic vision, technical depth, and leadership at Arista Networks, which sh…",https://economictimes.indiatimes.com/news/new-updates/meet-jayshree-ullal-top-ranked-indian-origin-woman-on-americas-richest-self-made-list-with-6-8-billion-net-worth/articleshow/131628869.cms,The Times of India,2026-06-10T07:48:44Z
semiconductor fire,Taiwan test-fires US-supplied HIMARS missile launchers into waters facing China,"Taiwan's missile test underscores rising tensions, potentially destabilizing global markets reliant on Taiwan's semiconductor industry.
The post Taiwan test-fires US-supplied HIMARS missile launchers into waters facing China appeared first on Crypto Briefing.",https://cryptobriefing.com/taiwan-fires-us-himars-missiles-china/,Crypto Briefing,2026-06-10T07:07:58Z
semiconductor fire,Market lifts despite simmering Middle East tensions – Market close,"The S&P/NZX 50 Index closed at 13,253.65, up 49.56 points or 0.38%.",https://www.nzherald.co.nz/business/markets/shares/market-lifts-despite-simmering-middle-east-tensions-market-close/premium/DD5OXZROTNDWZAQKF46EDOVQLU/,New Zealand Herald,2026-06-10T06:33:54Z
semiconductor factory shutdown,Need Help Running a FRST Scan for a Renpy Virus,"Need Help Running a FRST Scan for a Renpy Virus - posted in Virus, Trojan, Spyware, and Malware Removal Help: Hi,
 
2nd June. I ran a renpy which turned out to be an infostealer virus and had my Discord, Instagram and Amazon hacked into to post Elon Musk rela…",https://www.bleepingcomputer.com/forums/t/816530/need-help-running-a-frst-scan-for-a-renpy-virus/,BleepingComputer,2026-06-03T16:21:46Z
semiconductor factory shutdown,"Angry TSMC employees considering strikes, unionization over employee bonuses, report claims — company reportedly considering 15% payout cut to fund capex despite record revenues fuelled by AI surge",TSMC responded by saying it expects employee profit-sharing bonuses to grow at a faster rate in 2026 than they did in 2025.,https://www.tomshardware.com/tech-industry/tsmc-employees-threaten-samsung-style-strike-over-rumored-15-percent-bonus-cuts-despite-record-profits,Tom's Hardware UK,2026-05-26T10:57:30Z
semiconductor factory shutdown,TSMC employees threaten Samsung-style strikes over bonus cut rumors despite a 58% profit jump,"Any labor disruption at TSMC would ripple across the entire AI supply chain, making this bonus dispute far bigger than a workplace argument.Continue reading at TweakTown",https://www.tweaktown.com/news/111793/tsmc-employees-threaten-samsung-style-strikes-over-bonus-cut-rumors-despite-a-58-percent-profit-jump/index.html,TweakTown,2026-05-24T19:11:05Z
chip shortage,Apple faces price hike for iPhone 18 Pro amid chip shortage,"The iPhone 18 Pro's price hike highlights the tech industry's vulnerability to supply chain disruptions, impacting consumer costs and market dynamics.
The post Apple faces price hike for iPhone 18 Pro amid chip shortage appeared first on Crypto Briefing.",https://cryptobriefing.com/apple-iphone-18-pro-price-hike-chip-shortage/,Crypto Briefing,2026-06-19T00:21:42Z
chip shortage,Intel shares surge after Trump touts deal with Apple,"Intel shares surged 11% Thursday, continuing their meteoric rise after President Trump said that the company had secured a deal to supply chips to Apple.",https://www.axios.com/2026/06/18/intel-stock-apple-trump#utm_source=yahoo_finance&amp;utm_medium=partner&amp;utm_campaign=subs-partner-yahoo-finance-AI,Axios,2026-06-18T21:03:59Z
chip shortage,Apple price hikes may flatten India iPhone growth; analysts cut forecast from double-digit to flat,"Apple faces challenges in India as rising chip costs prompt price hikes. Analysts foresee flat or low single-digit iPhone shipment growth this year. Previous generation models will drive sales, but discounts during the festive season are expected to be lower.…",https://economictimes.indiatimes.com/industry/cons-products/electronics/apple-price-hikes-may-flatten-india-iphone-growth-analysts-cut-forecast-from-double-digit-to-flat/articleshow/131840436.cms,The Times of India,2026-06-18T18:43:26Z
chip shortage,Running Out of Storage? These Prime Day SSD Deals Are Here to Save Your Files,"It’s no secret that storage is getting pricier, which is exactly why you shouldn't pass up these early discounts.",https://www.cnet.com/deals/best-prime-day-ssd-deals-2026-06-18/,CNET,2026-06-18T18:11:00Z
chip shortage,'Unavoidable': Apple Plans Price Increases as the AI Memory Chip Crisis Worsens,"Apple CEO Tim Cook announced in an exclusive interview that the technology giant will raise prices on its products due to unprecedented increases in memory and storage chip costs driven by AI demand.
The post ‘Unavoidable’: Apple Plans Price Increases as the …",https://www.breitbart.com/tech/2026/06/18/unavoidable-apple-plans-price-increases-as-the-ai-memory-chip-crisis-worsens/,Breitbart News,2026-06-18T17:36:16Z
chip shortage,Apple confirms price increases are coming - how much will it cost you?,"In a Wall Street Journal interview, Apple CEO Tim Cook confirmed plans to raise product prices due to the supply pressure and cost increases on memory and storage chips.",https://www.zdnet.com/article/apple-product-price-increases-iphone/,ZDNet,2026-06-18T16:34:00Z
chip shortage,Apple's price hikes just breathed new life into the memory stock trade,"Apple's Tim Cook said price increases are coming to offset soaring memory costs, sparking a fresh rally in share of Mircon, Sandisk, and others.",https://www.businessinsider.com/apple-price-increases-memory-stocks-ai-mu-sndk-wdc-aapl-2026-6#article,Business Insider,2026-06-18T16:11:49Z
chip shortage,Tim Cook Confirms Apple Will Raise Prices Amid Memory Crunch,"Tim Cook says price hikes are ""unavoidable"" as Apple absorbs soaring memory and storage chip costs — with the iPhone 18 Pro tipped to start $200 higher.",https://me.pcmag.com/en/laptops/37507/tim-cook-confirms-apple-will-raise-prices-amid-memory-crunch,PCMag.com,2026-06-18T16:00:22Z
chip shortage,"SanDisk Jumps 11%, Western Digital Rises 7% After Apple Flags “Unavoidable” Memory Price Hikes","SanDisk (NASDAQ:SNDK) stock is surging in Thursday trading, up 11% to $2,170. Western Digital (NASDAQ:WDC) stock is also flying, up 7% to roughly $764. The c...",https://247wallst.com/investing/2026/06/18/sandisk-jumps-11-western-digital-rises-7-after-apple-flags-unavoidable-memory-price-hikes/,24/7 Wall St.,2026-06-18T15:59:42Z
chip shortage,Your Next iPhone Will Cost More As AI Data Centers Gobble Up Chips,Tim Cook said in an interview with the WSJ that his company intends to hike prices to counteract the soaring costs of memory chips.,https://dailycaller.com/2026/06/18/apple-price-hikes-unavoidable-costs/,The Daily Caller,2026-06-18T15:49:18Z
chip shortage,Rising AI memory chip costs force upcoming Apple price increases,Apple plans to increase the prices of its products due to the surging costs of memory and storage chips. Chief Executive Officer Tim Cook stated that these price hikes are unavoidable because the current supply situation has become unsustainable for the compa…,https://4sysops.com/archives/rising-ai-memory-chip-costs-force-upcoming-apple-price-increases/,4sysops.com,2026-06-18T15:01:39Z
chip shortage,7-Eleven Japan debuts new black-and-white rice ball packaging…but is it because of a naphtha shortage?,"Convenience store range strips everything back to basics, including the rice balls. Just last month, Calbee, Japan’s leading snack manufacturer, announced it would be switching to black-and-white printing on its potato chip packages due to a shortage of napht…",https://soranews24.com/2026/06/19/7-eleven-japan-debuts-new-black-and-white-rice-ball-packaging-but-is-it-because-of-a-naphtha-shortage/,SoraNews24,2026-06-18T15:00:13Z
chip shortage,"Apple Says Price Hikes Are Unavoidable, And It Could Impact The iPhone Ultra","Tim Cook called the current memory shortage a ""hundred-year flood,"" and it sounds like Apple's pricing strategy is about to change because of it.",https://www.bgr.com/2197167/apple-price-hikes-bad-news-iphone-ultra/,BGR,2026-06-18T14:10:30Z
chip shortage,L’Oréal acquires Innovist; Dhan parent’s FY26 profit narrows,L’Oréal has bought Innovist to claw back momentum in India’s hyper-competitive beauty market. This and more in today’s ETtech Top 5.,https://economictimes.indiatimes.com/tech/newsletters/tech-top-5/loral-acquires-innovist-dhan-parents-fy26-profit-narrows/articleshow/131831637.cms,The Times of India,2026-06-18T13:32:10Z
chip shortage,"2026 Big Ten predictions: Game-by-game picks, projecting every team's final win-loss record",An early-summer projection for all 18 teams in the Big Ten and where they'll end up in the postseason,https://www.cbssports.com/college-football/news/big-ten-predictions-2026-game-picks-win-loss-record/,CBS Sports,2026-06-18T12:57:54Z
chip shortage,Memory shortage crisis: Apple CEO confirms higher prices are on the way; chip stocks keep soaring,"If you’re in the market for a new Apple device later this year, you should prepare yourself for a price increase. That’s not speculation—it’s coming right from CEO Tim Cook’s mouth. 
This week, Apple’s outgoing chief executive confirmed that the company will …",https://biztoc.com/x/e49ab017e8d86878,Biztoc.com,2026-06-18T12:54:30Z
chip shortage,Salute and UHP Partner to Scale Up Military Veteran Careers for America's Digital Infrastructure,"NEW YORK, June 18, 2026 /PRNewswire/ -- Salute has signed a landmark partnership with UHP, an institution that trains military veterans for high-demand skilled trades and technical careers, to build the workforce that will power America's digital future and b…",https://www.prnewswire.com/news-releases/salute-and-uhp-partner-to-scale-up-military-veteran-careers-for-americas-digital-infrastructure-302804220.html,PRNewswire,2026-06-18T12:00:00Z
chip shortage,iPhone 18 Pro’s Price Hike Estimate From A Research Firm To Retain Apple’s Margins Is A Steep Figure That’ll Make Anyone Uncomfortable,"Apple and CEO Tim Cook have sounded the alarm concerning the iPhone 18 price hike, with upcoming models expected to become more expensive due to the ongoing DRAM shortage. In short, the trillion-dollar giant says that the situation has become unavoidable, but…",https://wccftech.com/iphone-18-pro-price-hike-figure-from-research-firm-too-high/,Wccftech,2026-06-18T10:52:55Z
chip shortage,5 Android phones you should buy instead of the Moto G (2026),The Motorola Moto G (2026) isn't exactly the best budget phone you can buy. Here are five phones you should get instead.,https://www.androidauthority.com/moto-g-2026-alternatives-3675928/,Android Authority,2026-06-18T10:00:39Z
chip shortage,Redington shares rally 10% after Apple CEO Tim Cook says price hikes 'unavoidable' amid AI boom,"Redington shares surged over 10% after Apple CEO Tim Cook signalled potential price hikes due to rising memory and storage costs driven by AI demand. Investors bet on improved margins for Redington, a key Apple distributor, even as the company reported a year…",https://economictimes.indiatimes.com/markets/stocks/news/redington-shares-rally-10-after-apple-ceo-tim-cook-says-price-hikes-unavoidable-amid-ai-boom/articleshow/131825252.cms,The Times of India,2026-06-18T09:41:16Z
semiconductor export restrictions,US raises concerns to ASML about China’s access to top chip tools,"US-China tech tensions escalate, potentially reshaping global semiconductor supply chains and impacting ASML's revenue and market dynamics.
The post US raises concerns to ASML about China’s access to top chip tools appeared first on Crypto Briefing.",https://cryptobriefing.com/us-asml-china-euv-chip-tools-concerns/,Crypto Briefing,2026-06-19T03:58:01Z
semiconductor export restrictions,US tells ASML it’s concerned China may have top chip tool,"EUV systems are used by firms such as Taiwan Semiconductor Manufacturing Co. to manufacture processors for the likes of Nvidia Corp. and Apple Inc., and ASML has never been allowed to ship them to China because of curbs imposed during the first Trump administ…",https://www.moneycontrol.com/news/business/us-tells-asml-it-s-concerned-china-may-have-top-chip-tool-13953534.html,Moneycontrol,2026-06-19T01:40:04Z
semiconductor export restrictions,Bill that would mandate AI chip location tracking gains industry support,"Half a dozen companies come out in support of the Chips Security Act, which would require location-tracking mechanisms for America’s most advanced computing chips",https://www.nbcnews.com/tech/tech-news/chips-security-act-gains-industry-support-letter-rcna350500,NBC News,2026-06-18T21:38:10Z
semiconductor export restrictions,Allegro MicroSystems Appoints Brian White to its Board of Directors,"MANCHESTER, N.H., June 18, 2026 (GLOBE NEWSWIRE) -- Allegro MicroSystems, Inc. (Nasdaq: ALGM) today announced the appointment of Brian C. White to Allegro’s Board of Directors (“Board”) as an independent director. Mr. White’s appointment was effective on June…",https://www.globenewswire.com/news-release/2026/06/18/3314097/0/en/Allegro-MicroSystems-Appoints-Brian-White-to-its-Board-of-Directors.html,GlobeNewswire,2026-06-18T12:00:00Z
semiconductor export restrictions,Resonac CEO highlights surging AI chip demand while navigating China supply chain risks,"Resonac's strategic maneuvers in AI chip materials and China relations could reshape global semiconductor supply chains and market dynamics.
The post Resonac CEO highlights surging AI chip demand while navigating China supply chain risks appeared first on Cry…",https://cryptobriefing.com/resonac-ceo-ai-demand-china-risks/,Crypto Briefing,2026-06-18T10:47:38Z
semiconductor export restrictions,Dario Amodei urges democratic nations to unite on AI safety,"Amodei's call for unified AI safety measures among democracies could reshape global tech regulations, favoring established firms and raising entry barriers.
The post Dario Amodei urges democratic nations to unite on AI safety appeared first on Crypto Briefing.",https://cryptobriefing.com/amodei-urges-democracies-unite-ai-safety/,Crypto Briefing,2026-06-17T21:21:12Z
semiconductor export restrictions,"By 2035, the global space economy is predicted to reach roughly $1.8 trillion in annual value — up from approximately $630 billion in 2024 — driven by satellite mega-constellations, Earth observation services, commercial space stations, and the early stages of lunar resource extraction, in a quiet industrial revolution that many economists believe will exceed the speed of every previous economic transition in modern history","The thing that has happened to the global space economy over the past 25 years is the kind of phenomenon that is easier to see in retrospect than to recognise while it is occurring. In 2000, the entire global space industry generated approximately $130 billio…",https://spacedaily.com/d-by-2035-the-global-space-economy-is-predicted-to-reach-roughly-1-8-trillion-in-annual-value-up-from-approximately-630-billion-in-2024-driven-by-satellite-mega-constellations-ea/,Space Daily,2026-06-17T17:45:30Z
semiconductor export restrictions,UK government denies seeking carve-out from US AI export controls on Anthropic models,"The US export controls on AI models highlight growing geopolitical tensions and could drive interest in decentralized AI solutions.
The post UK government denies seeking carve-out from US AI export controls on Anthropic models appeared first on Crypto Briefin…",https://cryptobriefing.com/uk-denies-us-ai-export-controls-carve-out/,Crypto Briefing,2026-06-17T13:26:31Z
semiconductor export restrictions,SandboxAQ secures $500M CHIPS Act funding for quantum-AI research,"SandboxAQ's funding could reduce reliance on foreign supply chains, impacting sectors like EVs and defense by advancing domestic material innovation.
The post SandboxAQ secures $500M CHIPS Act funding for quantum-AI research appeared first on Crypto Briefing.",https://cryptobriefing.com/sandboxaq-500m-chips-act-quantum-ai/,Crypto Briefing,2026-06-17T12:29:19Z
semiconductor export restrictions,G7 countries set 60% import limit on critical minerals by 2030,"The G7's import limit on critical minerals aims to reduce dependency on dominant suppliers, potentially reshaping global supply chains and markets.
The post G7 countries set 60% import limit on critical minerals by 2030 appeared first on Crypto Briefing.",https://cryptobriefing.com/g7-critical-minerals-import-limit-2030/,Crypto Briefing,2026-06-17T11:01:54Z
semiconductor export restrictions,'Unprecedented' AI buildout drove Singapore's sharpest non-oil exports surge in over two decades: Analysts,"Electronics exports nearly doubled in May, with analysts pointing to a concentrated surge in hyperscaler capital spending as the primary driver.",https://www.channelnewsasia.com/singapore/ai-exports-artificial-intelligence-infrastructure-6190011,CNA,2026-06-17T10:25:28Z
semiconductor export restrictions,"Chinese EV Makers Shift to Proprietary Chips, Reducing Reliance on Nvidia","Four of China’s largest electric vehicle makers have unveiled custom chips for autonomous driving in the past year, according to corporate announcements and industry reports. The chips are designed to cut costs and reduce dependence on Nvidia and Horizon Robo…",https://www.naturalnews.com/2026-06-17-chinese-ev-makers-shift-proprietary-chips-nvidia.html,Naturalnews.com,2026-06-17T06:00:00Z
semiconductor export restrictions,"Europe frets about US AI as tech world flocks to France for G7, VivaTech",European leaders and tech executives are focusing on technological sovereignty. Discussions at G7 and VivaTech highlight concerns about American AI dominance. Europe aims to build its own AI champions. This involves boosting regional cloud and chip industries…,https://economictimes.indiatimes.com/tech/artificial-intelligence/europe-frets-about-us-ai-as-tech-world-flocks-to-france-for-g7-vivatech/articleshow/131786988.cms,The Times of India,2026-06-17T05:06:12Z
semiconductor export restrictions,Nvidia CEO Jensen Huang wants you to stop fearing AI and start using it,"Embracing AI as a societal norm could redefine global economic structures, energy policies, and geopolitical dynamics, impacting future innovation.
The post Nvidia CEO Jensen Huang wants you to stop fearing AI and start using it appeared first on Crypto Brief…",https://cryptobriefing.com/nvidia-jensen-huang-ai-trump-interview/,Crypto Briefing,2026-06-16T23:36:02Z
semiconductor export restrictions,Bank of America survey finds 80% of fund managers view semiconductors as most crowded trade,"The overwhelming consensus on semiconductors as a crowded trade suggests potential volatility and risk of sharp market corrections.
The post Bank of America survey finds 80% of fund managers view semiconductors as most crowded trade appeared first on Crypto B…",https://cryptobriefing.com/bank-of-america-semiconductors-crowded-trade/,Crypto Briefing,2026-06-16T20:25:20Z
semiconductor export restrictions,Intel and NVIDIA Collaborate on Serpent Lake SoCs With RTX GPU Tiles Slated for Early 2028 Debut,"Intel partners with NVIDIA to develop Serpent Lake SoCs, integrating RTX graphics for enhanced AI and computing performance, targeting a 2028 release to reshape the AI PC market.",https://www.ibtimes.com.au/intel-nvidia-serpent-lake-socs-ai-pcs-1870694,Ibtimes.com.au,2026-06-16T13:26:21Z
semiconductor export restrictions,"China’s industrial production bolstered by exports and AI growth, with ripple effects for crypto markets","China's export-driven AI growth boosts global compute capacity, impacting crypto markets, but reliance on exports poses economic risks.
The post China’s industrial production bolstered by exports and AI growth, with ripple effects for crypto markets appeared …",https://cryptobriefing.com/china-industrial-production-ai-export-growth/,Crypto Briefing,2026-06-16T12:08:35Z
semiconductor export restrictions,Teledyne to Participate at the TD Cowen U.S. Corporate Access Day Conference,"THOUSAND OAKS, Calif. — Teledyne Technologies Incorporated (NYSE:TDY) today announced that Jason VanWees, Vice Chairman, will present at the TD Cowen 3rd Annual U.S. Corporate Access Day Conference at the TD Tower in Toronto, Ontario, Canada on Wednesday, Jun…",https://financialpost.com/pmn/business-wire-news-releases-pmn/teledyne-to-participate-at-the-td-cowen-u-s-corporate-access-day-conference,Financial Post,2026-06-16T12:06:10Z
semiconductor export restrictions,US orders Anthropic to cut off global access to AI models over foreign military intelligence risk,"The US action highlights the growing tension between national security and global AI innovation, posing new regulatory risks for tech firms.
The post US orders Anthropic to cut off global access to AI models over foreign military intelligence risk appeared fi…",https://cryptobriefing.com/us-anthropic-ai-models-foreign-military-risk/,Crypto Briefing,2026-06-15T21:53:38Z
semiconductor export restrictions,South Korea Has Diversified Some Critical Minerals. The Hardest Dependencies Remain.,"For six minerals critical to South Korea’s most strategically important industries, China’s 2025 share of Korean imports ranges from 14.8 percent to 94.2 percent",https://thediplomat.com/2026/06/south-korea-has-diversified-some-critical-minerals-the-hardest-dependencies-remain/,The Diplomat,2026-06-15T13:28:00Z
TSMC disruption,What Makes Taiwan Semiconductor Manufacturing (TSM) a Strong Bet?,"Sustainable Growth Advisers (SGA), an investment management company, released its first-quarter 2026 investor letter for its “Global Growth Strategy.” A copy...",https://finance.yahoo.com/markets/stocks/articles/makes-taiwan-semiconductor-manufacturing-tsm-143732310.html,Yahoo Entertainment,2026-06-16T14:37:32Z
TSMC disruption,U.S.-Iran interim deal: What could a Gulf bounce back look like?,"The U.S.–Iran peace deal has sparked relief across global markets, but investors are still waiting to see whether the breakthrough can translate into lasting stability",https://fortune.com/2026/06/16/us-iran-interim-deal-gulf-bounce-back-spacex-private-credit-firms/,Fortune,2026-06-16T09:47:47Z
TSMC disruption,"Asian tech stocks surged after the Iran-US deal, and AI chipmakers gained the most","Asian technology stocks surged on Monday after the United States and Iran announced a peace agreement, with AI and semiconductor companies posting the largest gains. SoftBank rose 10 per cent, SK Hynix climbed 6.42 per cent, and Samsung Electronics gained 4.5…",https://thenextweb.com/news/asian-tech-stocks-surge-iran-us-peace-deal-softbank-samsung-sk-hynix/,The Next Web,2026-06-15T21:26:50Z
TSMC disruption,How Taiwan Is Balancing Between US and Chinese Visions of Energy Dominance,"The strategic goal for most countries is energy systems that are affordable and cannot be blocked or held hostage. For Taiwan, the stakes are particularly high.",https://thediplomat.com/2026/06/how-taiwan-is-balancing-between-us-and-chinese-visions-of-energy-dominance/,The Diplomat,2026-06-15T17:14:00Z
TSMC disruption,China’s critical material stranglehold: How tungsten export controls are reshaping global semiconductor supply chains,"China’s tungsten hexafluoride ban severs Japan’s supply, causing permanent production shutdowns at Kanto Denka and Central Glass, crippling Samsung, SK Hynix and TSMC’s advanced chip manufacturing at 7nm and below. The crisis exposes decades of globalist offs…",https://www.naturalnews.com/2026-06-15-china-critical-material-stranglehold-tungsten-export-controls.html,Naturalnews.com,2026-06-15T06:00:00Z
TSMC disruption,"Japan’s Semiconductor Gas Production Collapses To Zero After China Cuts Off Tungsten, Leaving TSMC, SK Hynix And Samsung Exposed","China has stopped exporting a critical gas to Japan, leading to severe shortages in the semiconductor segment that will affect TSMC, SK Hynix & Samsung. Tungsten Hexafluoride Plays A Crucial Role In Semiconductor Manufacturing, But Japan Sees Production Drop …",https://wccftech.com/japan-semiconductor-gas-production-collapses-to-zero-after-china-cuts-off-tungsten-tsmc-sk-hynix-samsung/,Wccftech,2026-06-12T07:55:14Z
TSMC disruption,How Taiwan is balancing between American and Chinese visions of energy dominance,The strategic goal for most countries is energy systems that are affordable and cannot be blocked or held hostage.,https://theconversation.com/how-taiwan-is-balancing-between-american-and-chinese-visions-of-energy-dominance-284701,The Conversation Africa,2026-06-11T15:44:38Z
TSMC disruption,The Chain of Peace: Do Supply Chain Chokepoints Deter War?,"The next war over Taiwan may be deterred not by aircraft carriers or nuclear arsenals, but by a Dutch lithography machine. ASML, headquartered in Veldhoven, the Netherlands, is the sole manufacturer of the extreme ultraviolet lithography systems required to p…",https://warontherocks.com/the-chain-of-peace-do-supply-chain-chokepoints-deter-war/,War on the Rocks,2026-06-11T07:30:57Z
TSMC disruption,Taiwan Semiconductor Manufacturing strengthens silicon shield strategy with $250B US investment deal,"The US-Taiwan semiconductor partnership enhances geopolitical stability by deepening economic ties and deterring potential military conflicts.
The post Taiwan Semiconductor Manufacturing strengthens silicon shield strategy with $250B US investment deal appear…",https://cryptobriefing.com/tsmc-silicon-shield-strategy-taiwan/,Crypto Briefing,2026-06-06T04:30:03Z
TSMC disruption,"Micron, Samsung, SK hynix, TSMC, Nvidia: When bits and bytes take a large bite of the stock markets","While current semiconductor cycle appears rock solid, history indicates it can end in tearsAre you an investor bedazzled by the AI gold rush? If yes, read on to know if the rally is for real or a mere speculation, whether it still has legs and if should you h…",https://www.thehindubusinessline.com/portfolio/big-story/micron-samsung-sk-hynix-tsmc-nvidia-when-bits-and-bytes-take-a-large-bite-of-the-stock-markets/article71038567.ece,BusinessLine,2026-05-30T16:01:48Z
TSMC disruption,Taiwan president gifts Trump TSMC founder autobiography to foster semiconductor cooperation,"The gesture underscores Taiwan's strategic role in US semiconductor ambitions, highlighting geopolitical tensions and tech dependency dynamics.
The post Taiwan president gifts Trump TSMC founder autobiography to foster semiconductor cooperation appeared first…",https://cryptobriefing.com/taiwan-trump-tsmc-autobiography-semiconductor-diplomacy/,Crypto Briefing,2026-05-27T22:03:48Z
TSMC disruption,Nvidia plans $150B annual investment in Taiwan for AI revolution,"Nvidia's massive investment in Taiwan underscores the escalating geopolitical and economic stakes in the global AI and semiconductor sectors.
The post Nvidia plans $150B annual investment in Taiwan for AI revolution appeared first on Crypto Briefing.",https://cryptobriefing.com/nvidia-150b-taiwan-ai-investment/,Crypto Briefing,2026-05-27T07:49:29Z
TSMC disruption,TSMC Scrambles To Calm Furious Employees With Promises Of Bigger Bonuses After CEO’s 30% Bonus Cut Comments Triggered Samsung-Style Revolt Fears,"TSMC has moved rapidly to quell a wave of discontent among its employees following the widespread dissemination of rumors related to impending bonus cuts, with such fears only bolstered by the recent comments from TSMC's CEO himself. Now, amid fears of a Sams…",https://wccftech.com/tsmc-scrambles-to-calm-furious-employees-with-promises-of-bigger-bonuses-after-ceos-30-bonus-cut-comments-triggered-samsung-style-revolt-fears/,Wccftech,2026-05-25T14:17:17Z
TSMC disruption,"US postpones $14B arms sales to Taiwan, raising semiconductor supply chain fears for crypto miners","The delay in US arms sales to Taiwan heightens geopolitical tensions, risking semiconductor supply chain disruptions crucial for crypto mining.
The post US postpones $14B arms sales to Taiwan, raising semiconductor supply chain fears for crypto miners appeare…",https://cryptobriefing.com/us-taiwan-arms-delay-crypto-mining-impact/,Crypto Briefing,2026-05-22T21:50:05Z
TSMC disruption,Taiwan investigates three for illegal export of AI servers with Nvidia chips,"Taiwan's probe signals stricter enforcement of export controls, impacting global AI supply chains and potentially unsettling crypto markets.
The post Taiwan investigates three for illegal export of AI servers with Nvidia chips appeared first on Crypto Briefin…",https://cryptobriefing.com/taiwan-investigates-illegal-ai-server-exports/,Crypto Briefing,2026-05-21T16:48:38Z
TSMC disruption,"Taiwan welcomes potential call between President Lai and Trump, raising stakes for crypto markets","Increased US-Taiwan engagement could heighten geopolitical tensions, impacting global tech supply chains and crypto market stability.
The post Taiwan welcomes potential call between President Lai and Trump, raising stakes for crypto markets appeared first on …",https://cryptobriefing.com/taiwan-trump-call-crypto-implications/,Crypto Briefing,2026-05-21T12:10:54Z
TSMC disruption,Trump plans to speak with Taiwan’s President Lai Ching-te in unprecedented diplomatic shift,"Trump's unprecedented move risks escalating US-China tensions, potentially disrupting global semiconductor supply and impacting crypto markets.
The post Trump plans to speak with Taiwan’s President Lai Ching-te in unprecedented diplomatic shift appeared first…",https://cryptobriefing.com/trump-taiwan-call-diplomatic-shift-crypto/,Crypto Briefing,2026-05-21T11:40:23Z
ASML export controls,"If Brussels starts a trade war, Beijing will finish it",Wargaming the EU-China conflict warns Europe against aggression towards an opponent with superior firepower,https://www.irishtimes.com/business/economy/2026/06/19/if-brussels-starts-a-trade-war-beijing-will-finish-it/,The Irish Times,2026-06-19T05:00:00Z
ASML export controls,Energy Is A Trillion-Dollar Problem for the AI Boom,"FN Media Group Presents Oilprice.com Market Commentary NEW YORK, June 17, 2026 /PRNewswire/ -- If you've been following in the AI boom, you probably are aware of the same names everyone else is. NVIDIA for the chips. Microsoft, Google and Amazon for the cloud…",https://www.prnewswire.com/news-releases/energy-is-a-trillion-dollar-problem-for-the-ai-boom-302803356.html,PRNewswire,2026-06-17T17:00:00Z
ASML export controls,ASML Could Soar Higher in 12 Months and Here’s Why We’d Buy It,"ASML (NASDAQ:ASML) has been one of 2026’s defining AI infrastructure trades, with the Dutch lithography monopolist riding a record order book, a raised full-...",https://247wallst.com/investing/2026/06/16/asml-could-soar-higher-in-12-months-and-heres-why-wed-buy-it/,24/7 Wall St.,2026-06-16T13:48:14Z
ASML export controls,"Chinese startup claims photonic chip production without DUV lithography, says nanoimprint process cuts costs by 90% — 8-inch wafers produced without conventional optical lithography","Chinese startup Prinano claims it produced 8-inch photonic chip wafers without DUV lithography, using nanoimprint technology that cuts costs by 90%.",https://www.tomshardware.com/tech-industry/semiconductors/chinese-startup-claims-photonic-chip-production-without-duv-lithography-says-nanoimprint-process-cuts-costs-by-90-percent-8-inch-wafers-produced-without-conventional-optical-lithography,Tom's Hardware UK,2026-06-08T18:54:45Z
ASML export controls,Which market will dominate the semiconductor industry in the next decade?,"While China is approaching self-sufficiency, America’s ambitions are restrained by structural limits and Europe’s regulatory clarity is undermined by strategic ambiguity. Bruno Sergi and Mark Esposito argue that the 2030s will not be won using export controls…",https://blogs.lse.ac.uk/businessreview/2026/05/29/which-market-will-dominate-the-semiconductor-industry-in-the-next-decade/,Lse.ac.uk,2026-05-29T08:01:13Z
ASML export controls,Huawei plans to narrow semiconductor gap with TSMC using novel chip architecture,"Huawei's novel chip strategy could redefine global semiconductor dynamics, challenging US export controls and reshaping tech supply chains.
The post Huawei plans to narrow semiconductor gap with TSMC using novel chip architecture appeared first on Crypto Brie…",https://cryptobriefing.com/huawei-semiconductor-gap-tsmc-logicfolding/,Crypto Briefing,2026-05-29T04:17:19Z
ASML export controls,"Energy use forcing rethink of AI chip design, TSMC says","AI's massive electricity needs are now driving chip development.  Energy efficiency is becoming more critical than raw computing power.  TSMC, a leading chipmaker, sees customers prioritizing performance gains that use less power.  This shift impacts smartpho…",https://economictimes.indiatimes.com/tech/artificial-intelligence/energy-use-forcing-rethink-of-ai-chip-design-tsmc-says/articleshow/131374309.cms,The Times of India,2026-05-28T16:29:04Z
ASML export controls,"Energy use forcing rethink of AI chip design, TSMC says","AMSTERDAM, May 28 : A senior TSMC executive said on Thursday that surging electricity demands from AI are making energy efficiency rather than computing power the main constraint shaping future computer chip development.Kevin Zhang, Senior Vice President of B…",https://www.channelnewsasia.com/business/energy-use-forcing-rethink-ai-chip-design-tsmc-says-6147966,CNA,2026-05-28T16:18:12Z
ASML export controls,"Trailing-edge foundry roadmaps for GlobalFoundries, UMC, and SMIC — mature node chipmakers each pursue differing strategies and IP","We explore Globalfoundries, UMC, and SMIC's individual trailing-edge roadmaps, as each company is pursuing a fundamentally different strategy shaped by geography, regulation, and technology choices.",https://www.tomshardware.com/tech-industry/semiconductors/the-trailing-edge-foundry-roadmap-examined,Tom's Hardware UK,2026-05-28T16:16:35Z
ASML export controls,Huawei touts chip breakthrough to shorten gap with TSMC,Huawei Technologies Co. has come up with a pathway to shorten its gap with industry leader Taiwan Semiconductor Manufacturing Co. Read here,https://financialpost.com/technology/tech-news/huawei-touts-chip-breakthrough,Financial Post,2026-05-25T14:25:45Z
ASML export controls,Huawei touts chip breakthrough to shorten gap with TSMC,"Huawei will start making 1.4-nanometer chips by 2031 with its own “LogicFolding” technology, Huawei’s semiconductor chief He Tingbo said Monday.",https://fortune.com/2026/05/25/huawei-touts-chip-breakthrough-to-shorten-gap-with-tsmc/,Fortune,2026-05-25T12:09:35Z
ASML export controls,Huawei unveils ‘Tau Scaling Law’ as China’s workaround for US chip sanctions,"He Tingbo used a Shanghai keynote to argue that cutting signal-propagation time, not shrinking transistors, is the new frontier, and that Huawei has been quietly building chips around the idea for six years. Huawei used the opening day of the IEEE Internation…",https://thenextweb.com/news/huawei-tau-scaling-law-chip-sanctions/,The Next Web,2026-05-25T07:12:00Z
ASML export controls,Wingtech sues Nexperia in Chinese court over Dutch government’s semiconductor seizure,"Wingtech Technology has filed a lawsuit against its own subsidiary, Nexperia, in a Chinese court. The case, lodged at the Dongguan Intermediate People’s Court, seeks at least 8 billion yuan, roughly $1.1 billion, in damages. It is the first major legal challe…",https://thenextweb.com/news/wingtech-sues-nexperia-in-chinese-court-over-dutch-governments-semiconductor-seizure/,The Next Web,2026-05-22T15:21:26Z
ASML export controls,"ASML CEO says Elon Musk is 'very serious' about TeraFab chipmaking megaproject, confirms direct talks — Musk targets $119 billion Texas semiconductor facility",ASML CEO Christophe Fouquet said on Wednesday that he has spoken directly with Elon Musk about the TeraFab semiconductor project.,https://www.tomshardware.com/tech-industry/asml-ceo-confirms-direct-talks-with-elon-musk-about-terafab,Tom's Hardware UK,2026-05-21T10:40:00Z
ASML export controls,ASML CEO highlights Starlink as key driver of chip demand,"Rising satellite network demand could exacerbate chip supply constraints, influencing semiconductor pricing and geopolitical dynamics.
The post ASML CEO highlights Starlink as key driver of chip demand appeared first on Crypto Briefing.",https://cryptobriefing.com/asml-ceo-starlink-chip-demand/,Crypto Briefing,2026-05-21T02:41:36Z
ASML export controls,India Just Signed Its Most Consequential Chip Deal. The Hard Part Starts Now.,"The Tata-ASML MoU puts India inside the world’s most exclusive technology partnership, but Beijing still controls the inputs used to make chips.",https://thediplomat.com/2026/05/india-just-signed-its-most-consequential-chip-deal-the-hard-part-starts-now/,The Diplomat,2026-05-20T13:24:00Z
ASML export controls,Europe Delivers Best Earnings in Three Years But Hurdles Loom,"Europe’s first-quarter earnings season was the best one in three years, buoyed by energy majors and tech giants. The performance may be difficult to sustain as the economic outlook sours and the war persists.",https://financialpost.com/pmn/business-pmn/europe-delivers-best-earnings-in-three-years-but-hurdles-loom,Financial Post,2026-05-20T08:05:36Z
semiconductor sanctions,"After Peace Deal, It Was a Winning Week for Wall St.","Stocks closed higher on Wall Street on Thursday, taking back most of their losses from a day earlier. The S&P 500 rose 80.48 points, or 1.1%, to 7,500.58. The Dow Jones Industrial Average rose 72.15 points, or 0.1%, to 51,564.70. The Nasdaq...",https://www.newser.com/story/391325/after-peace-deal-it-was-a-winning-week-for-wall-st.html,Newser,2026-06-18T20:45:00Z
semiconductor sanctions,Nasdaq Climbs 217 Points as Intel-Apple Chip Deal and Iran Peace Accord Revive Tech Rally,"The Nasdaq Composite surged as Intel's partnership with Apple and a U.S.-Iran peace agreement boosted tech stocks, reversing losses from a Fed-driven selloff.",https://www.ibtimes.com.au/nasdaq-surges-intel-apple-deal-iran-peace-agreement-1870853,Ibtimes.com.au,2026-06-18T13:58:31Z
semiconductor sanctions,Dow Rebounds 261 Points as Intel-Apple Chip Deal and Iran Peace Accord Lift Wall Street,"Wall Street rebounded as Intel and Apple announced a U.S. chip manufacturing partnership, boosting tech stocks. The Dow Jones rose 261 points, recovering from previous losses due to Fed projections.",https://www.ibtimes.com.au/wall-street-rebounds-intel-apple-chip-deal-1870852,Ibtimes.com.au,2026-06-18T13:50:43Z
semiconductor sanctions,Europe Tries to Take On China Without Launching a New Trade War,"The Group of Seven industrial nations this week pledged an ambitious target to diversify away from China, adding momentum to the European Union’s own push to counter a growing trade imbalance with the world’s biggest export engine.",https://financialpost.com/pmn/business-pmn/europe-tries-to-take-on-china-without-launching-a-new-trade-war,Financial Post,2026-06-18T04:19:00Z
semiconductor sanctions,"Stocks rise on Wall Street, erasing much of their loss from a day earlier",The market's reversal was powered by sharp gains for big technology companies.  The decline on Wednesday was driven by anticipation that the Federal Reserve...,https://finance.yahoo.com/markets/world-indices/articles/asian-shares-shrug-off-us-032213169.html,Yahoo Entertainment,2026-06-18T03:22:13Z
semiconductor sanctions,Ahead of Market: 10 things that will decide stock market action on Thursday,"Indian equities advanced for a fourth straight session as easing geopolitical tensions, lower crude oil prices, softer bond yields and a stronger rupee boosted sentiment. Gains in IT, metals and PSU banks lifted benchmarks, while India VIX remained subdued am…",https://economictimes.indiatimes.com/markets/stocks/news/ahead-of-market-10-things-that-will-decide-stock-market-action-on-thursday/articleshow/131805333.cms,The Times of India,2026-06-17T15:44:31Z
semiconductor sanctions,When Neutrality Fails: ASEAN in a Malacca Disruption Scenario,Insights from Looi Teck Kheong.,https://thediplomat.com/2026/06/when-neutrality-fails-asean-in-a-malacca-disruption-scenario/,The Diplomat,2026-06-17T15:07:00Z
semiconductor sanctions,Oil Prices Slide Below $80 on Iran Supply Hopes as Bond Yields Ease Before Warsh Fed Debut,"Crude oil prices fell sharply due to optimism over Iranian supply returning to markets after a US-Iran ceasefire, impacting bond yields and stabilising energy costs globally.",https://www.ibtimes.com.au/oil-prices-drop-iran-ceasefire-supply-prospects-1870773,Ibtimes.com.au,2026-06-17T13:14:46Z
semiconductor sanctions,Oil slides below $80 on Iran supply prospects - Markets - The Jakarta Post,"A senior US official said the US will waive sanctions on Iranian oil, under the deal to end the war, raising the prospect of millions of additional barrels of supply.",https://www.thejakartapost.com/business/2026/06/17/oil-slides-below-80-on-iran-supply-prospects,Jakarta Post,2026-06-17T03:49:39Z
semiconductor sanctions,Taiwan’s Energy Crisis Shows the Cost of Import Dependence,"The issue of energy dependence and its consequences has, in recent months, become a major topic of discussion. The Hormuz crisis has brought energy security to the political agenda with a vengeance amid fuel price caps, rationing, and warnings of severe short…",https://oilprice.com/Energy/Energy-General/Taiwans-Energy-Crisis-Shows-the-Cost-of-Import-Dependence.html,OilPrice.com,2026-06-16T22:00:00Z
semiconductor sanctions,"New Kirin SoC In The Mate 90 Said To Match TSMC’s 3nm Node, Huawei Targeting iPhone 18 Launch Timeline As Its Competitive Confidence Grows","The U.S. trade sanctions on Huawei pretty much mean the latter is fighting an uphill battle with other chipmakers, as it lacks access to the latest and greatest in EUV equipment. Fortunately, a new report states that later this year, when the Mate 90 series m…",https://wccftech.com/mate-90-kirin-soc-to-rival-tsmc-3nm-technology/,Wccftech,2026-06-16T13:52:34Z
semiconductor sanctions,Europe wants to limit its reliance on foreign tech – but funding is limited and the proposed rules are weak,Europe has now published its plans to secure its ‘tech sovereignty.,https://theconversation.com/europe-wants-to-limit-its-reliance-on-foreign-tech-but-funding-is-limited-and-the-proposed-rules-are-weak-285084,The Conversation Africa,2026-06-16T11:29:04Z
semiconductor sanctions,"Sensex today | Stock Market Highlights: Sensex gains 544 pts, Nifty settles at 23,989 on US-Iran peace deal","Sensex, Nifty, Share Prices Highlights: Indian shares closed higher on Tuesday, advancing for a ​third straight session, as a preliminary U.S.-Iran peace deal ‌cooled oil prices and improved risk appetite.",https://www.thehindubusinessline.com/markets/sensex-nifty50-today-stock-market-highlights-16-june-2026/article71104678.ece,BusinessLine,2026-06-16T10:24:35Z
semiconductor sanctions,Huawei’s ‘chip queen’ returns from seven years in the shadows with a bold new scaling law,"For seven years, He Tingbo worked in silence. The head of Huawei’s semiconductor business, widely known as the company’s “chip queen,” vanished from public view in 2019 after Washington severed the Chinese company’s access to advanced technology. Her retreat …",https://thenextweb.com/news/huawei-tau-scaling-law-chip-queen-logicfolding/,The Next Web,2026-06-15T19:50:16Z
semiconductor sanctions,"U.S.-Iran Agreement Set to Lift Wall Street at the Open: Dow Jones, S&P, Nasdaq, Futures","U. S. stock futures pointed to a strong start for trading on Monday, with investors expected to build on the gains recorded during the previous two sessions...",https://investorshub.advfn.com/market-news/article/30410/u-s-iran-agreement-set-to-lift-wall-street-at-the-open-dow-jones-sp-nasdaq-futures,Advfn.com,2026-06-15T13:13:12Z
semiconductor sanctions,EU sovereignty push gives tech buyers a new alphabet soup to swallow,Brussels presses on despite US fury as it looks to enforce cloud autonomy and bolster open source,https://www.theregister.com/off-prem/2026/06/14/eu-sovereignty-push-gives-tech-buyers-a-new-alphabet-soup-to-swallow/5251995,Theregister.com,2026-06-14T09:15:00Z
semiconductor power outage,"MUNICIPAL DATA & POWER (MDP) TO LAUNCH NEW YORK STATE 'DATA & POWER SOVEREIGNTY' INITIATIVE WITH PLANNED $90 BILLION GREEN ENERGY BOND TO SECURE DATA CENTERS, MICRO-POWER GRIDS AND PROVIDE $30 BILLION IN STATEWIDE INFRASTRUCTURE, HOUSING AND ECONOMIC DEVELOPMENT FUNDING","MDP Advances New York Strategy to Establish the State as a Global AI, Energy and Digital Infrastructure Capital Through Public Ownership, Energy Security and Community Wealth Creation while establishing the New Harlem Renaissance District Economic Development…",https://www.prnewswire.com/news-releases/municipal-data--power-mdp-to-launch-new-york-state-data--power-sovereignty-initiative-with-planned-90-billion-green-energy-bond-to-secure-data-centers-micro-power-grids-and-provide-30-billion-in-statewide-infrastructure--302785095.html,PRNewswire,2026-05-28T22:44:00Z
semiconductor power outage,"Relay Market to Reach USD 12.67 Billion by 2031, Growing at a 5.63% CAGR; Electromechanical Devices Lead with 61.05% Market Share - Reports Mordor Intelligence","HYDERABAD, India, May 28, 2026 /PRNewswire/ -- According to recent research published by Mordor Intelligence, the global relay market is witnessing steady expansion owing to the increasing deployment of relays across automotive, industrial automation, energy,…",https://www.prnewswire.com/news-releases/relay-market-to-reach-usd-12-67-billion-by-2031--growing-at-a-5-63-cagr-electromechanical-devices-lead-with-61-05-market-share--reports-mordor-intelligence-302780628.html,PRNewswire,2026-05-28T14:54:00Z
semiconductor power outage,Samsung memory workers call off strike and may score six-figure bonuses,PLUS: Huawei says it’s replaced Moore’s Law; Chinese mobile plans add token allowances; Singtel slinging Optus; And more!,https://www.theregister.com/systems/2026/05/25/samsung-memory-workers-call-off-strike-and-may-score-six-figure-bonuses/5245573,Theregister.com,2026-05-25T04:14:46Z
semiconductor power outage,Transforming industries with conversational AI: Partner solutions built on Databricks Genie,"* Innovative partner solutions built on Databricks Genie by leading consulting and SI partners.
* Supports industry-specific use cases across financial services, healthcare, retail, CPG, travel and hospitality, manufacturing, and media and communications sec…",https://www.databricks.com/blog/transforming-industries-conversational-ai-partner-solutions-built-databricks-genie,Databricks.com,2026-05-21T14:25:00Z
semiconductor power outage,GlobalFoundries launches Quantum Technology Solutions to scale U.S. quantum manufacturing,"Built on years of cryogenic innovation and deep partnerships with the world's leading quantum innovators, anchored by industry demand Built on years of cryogenic innovation and deep partnerships with the world's leading quantum innovators, anchored by industr…",https://www.globenewswire.com/news-release/2026/05/21/3299191/0/en/GlobalFoundries-launches-Quantum-Technology-Solutions-to-scale-U-S-quantum-manufacturing.html,GlobeNewswire,2026-05-21T11:04:00Z
Taiwan semiconductor risk,"Global Market Today: Asian stocks hit record highs, oil heads for weekly loss","Asian stocks reached a record high, fueled by optimism that the reopening of the Strait of Hormuz will normalize oil flows and ease inflation. This development, coupled with positive semiconductor news, boosted investor confidence. Lower energy costs are also…",https://economictimes.indiatimes.com/markets/us-stocks/news/global-market-today-asian-stocks-hit-record-highs-oil-heads-for-weekly-loss/articleshow/131844291.cms,The Times of India,2026-06-19T01:13:31Z
Taiwan semiconductor risk,President Trump claims Apple has agreed to buy chips from Intel,"U.S. President Donald Trump said on Thursday that Apple Inc. is going to “design and build” computer chips with Intel Corp. The deal, if confirmed, would be a significant win for Intel, which has struggled to secure big-name customers for its most advanced no…",https://siliconangle.com/2026/06/18/president-trump-claims-apple-agreed-buy-chips-intel/,SiliconANGLE News,2026-06-18T23:36:07Z
Taiwan semiconductor risk,AI Bust: The Trillion-Dollar AI Question Nobody's Asking,"FN Media Group Presents Oilprice.com Market Commentary NEW YORK, June 18, 2026 /PRNewswire/ -- Every AI boom forecast being published right now — every bull case, Big Tech earnings call, and valuation model — seems to be making the same assumption. The electr…",https://www.prnewswire.com/news-releases/ai-bust-the-trillion-dollar-ai-question-nobodys-asking-302803754.html,PRNewswire,2026-06-18T12:00:00Z
Taiwan semiconductor risk,Taiwan Semiconductor (TSM) Boosted Giverny Capital Asset Management’s Performance in Q1,"Giverny Capital Asset Management, LLC, an investment management company, recently published its first-quarter 2026 investor letter. A copy can be downloaded...",https://finance.yahoo.com/markets/stocks/articles/taiwan-semiconductor-tsm-boosted-giverny-115147811.html,Yahoo Entertainment,2026-06-18T11:51:47Z
Taiwan semiconductor risk,"President Trump reveals Apple-Intel domestic partnership, boosting American chip stocks","Following President Donald Trump's announcement that ""Apple has agreed to work with Intel to design and build its Chips in America,"" chip…
The post President Trump reveals Apple-Intel domestic partnership, boosting American chip stocks appeared first on MacDa…",https://macdailynews.com/2026/06/18/president-trump-reveals-apple-intel-domestic-partnership-boosting-american-chip-stocks/,Macdailynews.com,2026-06-18T11:38:55Z
Taiwan semiconductor risk,"Trump confirms Apple, Intel partnership to make chips: Will it impact smartphone prices?",US President Donald Trump said on Thursday that Apple has agreed to work with Intel to design and manufacture its chips in the United States.,https://www.livemint.com/companies/news/trump-confirms-apple-intel-partnership-to-make-chips-will-it-impact-smartphone-prices-11781781064618.html,Livemint,2026-06-18T11:16:39Z
Taiwan semiconductor risk,9 Stocks To Buy Now For July 2026,Looking for the latest stock opportunities in July 2026? We have you covered. Click to read our top stock picks to consider adding to your portfolio now.,https://www.forbes.com/sites/investor-hub/article/best-stocks-buy-now-july-2026/,Forbes,2026-06-18T10:30:00Z
Taiwan semiconductor risk,G7 AI talks reveal trust gap behind US model power,"The world's most powerful AI companies entered the G7 summit in France this week with a message for democratic governments: frontier AI needs global rules, but those rules are increasingly being shaped by US strategic interests.",https://www.digitimes.com/news/a20260618VL204/anthropic-openai-policy-technology-europe.html,Digitimes,2026-06-18T04:06:53Z
Taiwan semiconductor risk,Lam Research (LRCX) Receives a Price Target Boost at Barclays. Here is Why,"With a net profit margin of 30.94%, Lam Research Corporation (NASDAQ:LRCX) is included among the 12 Most Profitable American Stocks to Buy in 2026. Lam Resea...",https://finance.yahoo.com/markets/stocks/articles/lam-research-lrcx-receives-price-011116006.html,Yahoo Entertainment,2026-06-18T01:11:16Z
Taiwan semiconductor risk,Tata Electronics onboards Malaysian cleanroom specialist IAQ Group for Dholera fab,"Tata Electronics has partnered with Malaysian cleanroom specialist IAQ Group for its upcoming semiconductor fab in Dholera. This collaboration aims to ensure the facility meets stringent cleanroom standards, a critical factor for semiconductor manufacturing. …",https://economictimes.indiatimes.com/tech/technology/tata-electronics-onboards-malaysian-cleanroom-specialist-iaq-group-for-dholera-fab/articleshow/131806291.cms,The Times of India,2026-06-18T00:30:00Z
Taiwan semiconductor risk,"India's m-cap tops $5 trillion, climbs back into global top six",India's stock market value has crossed the $5 trillion mark. This surge has placed India back in the sixth position globally. The rebound follows a peace deal between the US and Iran. This development has boosted investor confidence. India's market capitaliza…,https://economictimes.indiatimes.com/markets/stocks/news/indias-m-cap-tops-5-trillion-climbs-back-into-global-top-six/articleshow/131814860.cms,The Times of India,2026-06-18T00:03:18Z
Taiwan semiconductor risk,"Dan Loeb selects Taiwan Semiconductor as top AI stock pick, adds Bitcoin miner Hut 8","Loeb's focus on TSMC highlights the strategic importance of chip fabrication in AI's growth, amid geopolitical risks and supply constraints.
The post Dan Loeb selects Taiwan Semiconductor as top AI stock pick, adds Bitcoin miner Hut 8 appeared first on Crypto…",https://cryptobriefing.com/dan-loeb-tsmc-top-ai-stock-pick/,Crypto Briefing,2026-06-17T14:00:35Z
Taiwan semiconductor risk,Billionaire Dan Loeb’s Top AI Stock Pick: Taiwan Semiconductor (TSM),We just covered Billionaire Dan Loeb Pivots to AI and Sells Old Economy Stocks: His Top 7 AI Picks. Taiwan Semiconductor (NYSE:TSM) ranks #1 (see Billionaire...,https://finance.yahoo.com/technology/ai/articles/billionaire-dan-loeb-top-ai-132655659.html,Yahoo Entertainment,2026-06-17T13:26:55Z
Taiwan semiconductor risk,"AI Infrastructure Boom Creates Skyrocketing Demand for Automation, Robotics Solutions Across Industries","AUSTIN, Texas, June 17, 2026 (GLOBE NEWSWIRE) -- AINewsWire Editorial Coverage
: The worldwide push to build out artificial intelligence infrastructure has set off a wave of capital spending across the tech industry unmatched in recent memory. Major cloud co…",https://www.globenewswire.com/news-release/2026/06/17/3313415/0/en/AI-Infrastructure-Boom-Creates-Skyrocketing-Demand-for-Automation-Robotics-Solutions-Across-Industries.html,GlobeNewswire,2026-06-17T12:30:00Z
Taiwan semiconductor risk,EUV Lithography Market Size to Hit USD 58.7 Billion by 2035 | Research by SNS Insider,"Global Extreme Ultraviolet (EUV) Lithography Market Size, Share, Revenue Trends & Segmentation Analysis by Equipment, End Use, Region & Forecast 2026-2035...",https://www.globenewswire.com/news-release/2026/06/17/3313331/0/en/EUV-Lithography-Market-Size-to-Hit-USD-58-7-Billion-by-2035-Research-by-SNS-Insider.html,GlobeNewswire,2026-06-17T11:30:00Z
Taiwan semiconductor risk,"Intel begins production of most-advanced chip, inching closer to possible Apple deal","Intel is entering production of 18A-P, its most-advanced chip node that could be the target of a coming deal with Apple",https://www.cnbc.com/2026/06/16/intel-begins-production-of-18a-p-inches-closer-to-possible-apple-deal.html,CNBC,2026-06-16T21:00:02Z
